"CAROS AMIGOS","11599","0","Q5045533","//www.wikidata.org/wiki/Q5045533","Brazilian magazine","Caros Amigos"
"CARTA CAPITAL","11600","0","Q5047031","//www.wikidata.org/wiki/Q5047031","Brazilian left-wing newsmagazine","CartaCapital"
"CARTA CAPITAL","11600","1","Q2940449","//www.wikidata.org/wiki/Q2940449","stock exchange in United States of America","CartaX"
"EXTRA","11605","0","Q658371","//www.wikidata.org/wiki/Q658371","actor with a very minor part, typically non-speaking and in the background","extra"
"EXTRA","11605","1","Q44497","//www.wikidata.org/wiki/Q44497","extraction of valuable minerals or other geological materials from the earth","mining"
"EXTRA","11605","2","Q5422131","//www.wikidata.org/wiki/Q5422131","Brazilian retail store chain of supermarkets, and mini-markets","Extra"
"Lei de Responsabilidade Fiscal","11607","0","Q10316984","//www.wikidata.org/wiki/Q10316984","","Fiscal Responsibility Law (Brazil)"
"PARTIDO TRABALHISTA CRISTÃO (PTC)","11619","0","Q2534868","//www.wikidata.org/wiki/Q2534868","Political party in Brazil","AGIR"
"TV BRASIL","11625","0","Q1788146","//www.wikidata.org/wiki/Q1788146","public broadcaster in Brazil","TV Brasil"
"TV BRASIL","11625","1","Q3890667","//www.wikidata.org/wiki/Q3890667","","TV Brasil - Integration channel"
"TV BRASIL","11625","2","Q7672304","//www.wikidata.org/wiki/Q7672304","International Portuguese-language television network","TV Brasil Internacional"
"VALOR ECONÔMICO","11628","0","Q958931","//www.wikidata.org/wiki/Q958931","newspaper","Valor Econômico"
"VALOR ECONÔMICO","11628","1","Q426971","//www.wikidata.org/wiki/Q426971","value of a firm's profit after deduction of capital costs","Economic Value Added"
"VALOR ECONÔMICO","11628","2","Q868257","//www.wikidata.org/wiki/Q868257","measure of the benefit provided by a good or service to an economic agent","economic value"
"Estatuto da Criança e do Adolescente","11644","0","Q10275512","//www.wikidata.org/wiki/Q10275512","","Child and Adolescent Statute"
"NUCLEBRÁS","11888","0","Q10338114","//www.wikidata.org/wiki/Q10338114","","Empresas Nucleares Brasileiras"
"NUCLEBRÁS","11888","1","Q6955573","//www.wikidata.org/wiki/Q6955573","Brazilian nuclear company","NUCLEP"
"REDE SUSTENTABILIDADE","11932","0","Q10358279","//www.wikidata.org/wiki/Q10358279","political Party","Sustainability Network"
"REDE SUSTENTABILIDADE","11932","1","Q19767211","//www.wikidata.org/wiki/Q19767211","Wikinews article","Rede Sustentabilidade diz ter assinaturas suficientes para registro no TSE"
"SOLIDARIEDADE","11943","0","Q4349891","//www.wikidata.org/wiki/Q4349891","political party in Ukraine","European Solidarity"
"SOLIDARIEDADE","11943","1","Q815726","//www.wikidata.org/wiki/Q815726","unity of feeling or action on a common interest","solidarity"
"SOLIDARIEDADE","11943","2","Q20061311","//www.wikidata.org/wiki/Q20061311","Brazilian political party","Solidarity (Brazil)"
"AÇÃO DEMOCRÁTICA","5706","0","Q339183","//www.wikidata.org/wiki/Q339183","Venezuelan political party","Democratic Action"
"AÇÃO DEMOCRÁTICA","5706","1","Q2823680","//www.wikidata.org/wiki/Q2823680","Bolivian political party","Nationalist Democratic Action"
"AÇÃO DEMOCRÁTICA","5706","2","Q120971997","//www.wikidata.org/wiki/Q120971997","alliance of political parties for 2023 Ecuadorian election","National Democratic Action"
"AÇÃO LIBERTADORA NACIONAL (ALN)","5708","0","Q2631813","//www.wikidata.org/wiki/Q2631813","Communist guerrilla movement during the Brazilian military dictatorship from 1967-1974.","Ação Libertadora Nacional"
"AÇÃO LIBERTADORA","5709","0","Q2631813","//www.wikidata.org/wiki/Q2631813","Communist guerrilla movement during the Brazilian military dictatorship from 1967-1974.","Ação Libertadora Nacional"
"AÇÃO POPULAR (AP)","5711","0","Q16484839","//www.wikidata.org/wiki/Q16484839","Brazilian political organization","Ação Popular"
"AÇÃO","5716","0","Q188473","//www.wikidata.org/wiki/Q188473","film genre","action film"
"AÇÃO","5716","1","Q4026292","//www.wikidata.org/wiki/Q4026292","something an agent can do or perform","action"
"AÇÃO","5716","2","Q11692","//www.wikidata.org/wiki/Q11692","single unit of ownership in a corporation, mutual fund, or any other organization","share"
"ACORDO NUCLEAR BRASIL-ALEMANHA","5722","0","Q16144616","//www.wikidata.org/wiki/Q16144616","","Brazil-Germany Nuclear Treaty"
"AFINAL","5724","0","Q19527228","//www.wikidata.org/wiki/Q19527228","poem written by Álvaro de Campos","Afinal"
"AFINAL","5724","1","Q3320736","//www.wikidata.org/wiki/Q3320736","Portuguese singer","Monica Sintra"
"AFINAL","5724","2","Q9586904","//www.wikidata.org/wiki/Q9586904","tv show aired in 2010","Afinal, o que Querem as Mulheres?"
"ALIANÇA DEMOCRÁTICA","5727","0","Q761877","//www.wikidata.org/wiki/Q761877","political party in South Africa formed in 2000","Democratic Alliance"
"ALIANÇA DEMOCRÁTICA","5727","1","Q2344776","//www.wikidata.org/wiki/Q2344776","defunct political party in France","Democratic Republican Alliance"
"ALIANÇA DEMOCRÁTICA","5727","2","Q377349","//www.wikidata.org/wiki/Q377349","political coalition in Portugal","Democratic Alliance"
"ALIANÇA LIBERAL","5728","0","Q478180","//www.wikidata.org/wiki/Q478180","political party in Denmark","Liberal Alliance"
"ALIANÇA LIBERAL","5728","1","Q2838195","//www.wikidata.org/wiki/Q2838195","","Aliança Liberal"
"ALIANÇA LIBERAL","5728","2","Q20744433","//www.wikidata.org/wiki/Q20744433","Italian political party","Liberal Popular Alliance – Autonomies"
"ALIANÇA PARA O PROGRESSO","5732","0","Q1784516","//www.wikidata.org/wiki/Q1784516","","Alliance for Progress"
"ALIANÇA PARA O PROGRESSO","5732","1","Q62028298","//www.wikidata.org/wiki/Q62028298","political coalition in Guarapuava, Paraná, Brazil","Aliança Para o Progresso"
"ALIANÇA PARA O PROGRESSO","5732","2","Q118655571","//www.wikidata.org/wiki/Q118655571","","Aliança para o Progresso"
"ANISTIA","5738","0","Q185943","//www.wikidata.org/wiki/Q185943","form of pardon which obliterates all legal remembrance of the offense for a class of people","amnesty"
"ANISTIA","5738","1","Q42970","//www.wikidata.org/wiki/Q42970","non-governmental organization based in the United Kingdom","Amnesty International"
"ANISTIA","5738","2","Q2843739","//www.wikidata.org/wiki/Q2843739","non-profit organization in the USA","Amnesty International USA"
"REVOLTA DE ARAGARÇAS","5739","0","Q20047625","//www.wikidata.org/wiki/Q20047625","","Revolta de Aragarças"
"ASSEMBLÉIA NACIONAL CONSTITUINTE DE 1946","5741","0","Q98927879","//www.wikidata.org/wiki/Q98927879","Brazilian constituent assembly called to replace the country's constitution after the end of the Vargas Era","1946 Constituent Assembly of Brazil"
"ASSEMBLÉIA NACIONAL CONSTITUINTE DE 1987-88","5742","0","Q4584404","//www.wikidata.org/wiki/Q4584404","Assembly held in 1987-88 to establish a new Constitution of the Federative Republic of Brazil","1987-88 Constituent Assembly"
"ATO ADICIONAL","5743","0","Q4554401","//www.wikidata.org/wiki/Q4554401","amendment to the Brazilian Constitution","1834 Additional Act"
"ATO ADICIONAL","5743","1","Q16495137","//www.wikidata.org/wiki/Q16495137","","Ato Adicional de 1852"
"ATO ADICIONAL","5743","2","Q19530118","//www.wikidata.org/wiki/Q19530118","","Ato Adicional de 23 de dezembro de 1907"
"ATOS INSTITUCIONAIS","5744","0","Q2018524","//www.wikidata.org/wiki/Q2018524","founding legislation of the Brazilian military dictatorship","Institutional Acts"
"BANCO DO BRASIL","5745","0","Q610817","//www.wikidata.org/wiki/Q610817","Brazilian banking institution","Bank of Brazil"
"BANCO DO BRASIL","5745","1","Q108220676","//www.wikidata.org/wiki/Q108220676","listed good in Juiz de Fora, Minas Gerais, Brazil","Imóvel à Rua Halfeld, nº 450"
"BANCO DO BRASIL","5745","2","Q114408873","//www.wikidata.org/wiki/Q114408873","","Banco do Brasil"
"A BATALHA","5748","0","Q9556359","//www.wikidata.org/wiki/Q9556359","newspaper","A Batalha"
"A BATALHA","5748","1","Q173034","//www.wikidata.org/wiki/Q173034","decisive naval battle of World War II","Battle of Midway"
"A BATALHA","5748","2","Q471976","//www.wikidata.org/wiki/Q471976","2004 film directed by David Twohy","The Chronicles of Riddick"
"BRASIL URGENTE","5752","0","Q18462250","//www.wikidata.org/wiki/Q18462250","","Brasil Urgente"
"BRASIL URGENTE","5752","1","Q59851454","//www.wikidata.org/wiki/Q59851454","fund under the custody of the Brazilian National Archives","Brasil Urgente Fund"
"BRASIL URGENTE","5752","2","Q59825786","//www.wikidata.org/wiki/Q59825786","newspaper in Brazil","Brasil Urgente"
"CAFÉ","5753","0","Q8486","//www.wikidata.org/wiki/Q8486","brewed beverage made from seeds of Coffea genus","coffee"
"CAFÉ","5753","1","Q30022","//www.wikidata.org/wiki/Q30022","establishment that serves coffee and tea","coffeehouse"
"CAFÉ","5753","2","Q153697","//www.wikidata.org/wiki/Q153697","seed of the coffee plant","coffee bean"
"CARAS PINTADAS","5756","0","Q9696469","//www.wikidata.org/wiki/Q9696469","","Caras-pintadas"
"CARTA TESTAMENTO","5759","0","Q5047032","//www.wikidata.org/wiki/Q5047032","letter from Brazilian president","Carta Testamento"
"CENTRÃO","5760","0","Q60999951","//www.wikidata.org/wiki/Q60999951","Group of political parties in Brazil","Centrão"
"CENTRÃO","5760","1","Q929","//www.wikidata.org/wiki/Q929","country in Central Africa","Central African Republic"
"CENTRÃO","5760","2","Q27509","//www.wikidata.org/wiki/Q27509","region of Europe","Central Europe"
"CENTRO REPUBLICANO","5762","0","Q111724975","//www.wikidata.org/wiki/Q111724975","","Centro Republicano Académico de Coimbra"
"CENTRO REPUBLICANO","5762","1","Q2150640","//www.wikidata.org/wiki/Q2150640","","Republican Centre"
"CHAPA ÚNICA POR SÃO PAULO UNIDO","5763","0","Q110096331","//www.wikidata.org/wiki/Q110096331","","Chapa Única por São Paulo Unido"
"A CLASSE OPERÁRIA","5764","0","Q16142090","//www.wikidata.org/wiki/Q16142090","newspaper","A Classe Operária"
"CLUBE 3 DE OUTUBRO","5765","0","Q20053373","//www.wikidata.org/wiki/Q20053373","","Clube 3 de Outubro"
"CLUBE REPUBLICANO DITATORIAL","5768","0","Q106543360","//www.wikidata.org/wiki/Q106543360","","Clube Republicano Ditatorial"
"Código de Águas","5769","0","Q10263244","//www.wikidata.org/wiki/Q10263244","Brazilian law-decree","Law-decree No. 7841, of August 8, 1945"
"Código de Águas","5769","1","Q119848579","//www.wikidata.org/wiki/Q119848579","","Código de aguas"
"Código Eleitoral","5772","0","Q10263250","//www.wikidata.org/wiki/Q10263250","","Código eleitoral"
"Código Eleitoral","5772","1","Q10263209","//www.wikidata.org/wiki/Q10263209","","Código Eleitoral Brasileiro"
"Código Eleitoral","5772","2","Q25419325","//www.wikidata.org/wiki/Q25419325","","Código Eleitoral de 1932"
"COMANDO DE LIBERTAÇÃO NACIONAL (Colina)","5777","0","Q1113310","//www.wikidata.org/wiki/Q1113310","Defunct Brazilian leftist guerrilla","Comando de Libertação Nacional"
"COMÍCIO DAS REFORMAS","5779","0","Q9837192","//www.wikidata.org/wiki/Q9837192","","Comício da Central"
"COMISSÃO DE CORREIÇÃO ADMINISTRATIVA","5781","0","Q61893030","//www.wikidata.org/wiki/Q61893030","fund under the custody of the Brazilian National Archives","Comissão de Correição Administrativa"
"COMISSÃO DE CORREIÇÃO ADMINISTRATIVA","5781","1","Q61893032","//www.wikidata.org/wiki/Q61893032","fund under the custody of the Brazilian National Archives","Comissão de Correição Administrativa - Procuradoria"
"CONFERÊNCIA DO RIO","5792","0","Q751149","//www.wikidata.org/wiki/Q751149","international conference in Rio de Janeiro, Brazil in June 1992","Earth Summit"
"CONSTITUIÇÃO DE 1946","5805","0","Q18481008","//www.wikidata.org/wiki/Q18481008","","Brazilian Constitution of 1946"
"CONSTITUIÇÃO DE 1967","5806","0","Q9855839","//www.wikidata.org/wiki/Q9855839","","Brazilian Constitution of 1967"
"CONSTITUIÇÃO DE 1988","5807","0","Q2386422","//www.wikidata.org/wiki/Q2386422","national Constitution, created 1988","Constitution of Brazil"
"CONSTITUIÇÃO DE 1988","5807","1","Q97449732","//www.wikidata.org/wiki/Q97449732","","Constituição de 1988 garantiu autonomia do Ministério Público, diz PGR"
"CONVERGÊNCIA SOCIALISTA","5809","0","Q18245250","//www.wikidata.org/wiki/Q18245250","","Socialist Convergence"
"CONVERGÊNCIA SOCIALISTA","5809","1","Q8462501","//www.wikidata.org/wiki/Q8462501","defunct Spanish political party","Socialist Convergence of Catalonia"
"CONVERGÊNCIA SOCIALISTA","5809","2","Q8846575","//www.wikidata.org/wiki/Q8846575","defunct political party from the Spanish Basque Country","Basque Socialist Party"
"CORONELISMO","5810","0","Q2997641","//www.wikidata.org/wiki/Q2997641","Brazilian oligarchy of 1889–1930","Coronelismo"
"CORONELISMO","5810","1","Q10260697","//www.wikidata.org/wiki/Q10260697","","Coronelismo, Enxada e Voto"
"CORONELISMO","5810","2","Q47393446","//www.wikidata.org/wiki/Q47393446","scientific article published in September 1987","Coronelismo, caciquismo, and oyabun-kobun bonds: divergent implications of hierarchical trust in Brazil, Mexico and Japan."
"CORREÇÃO MONETÁRIA","5811","0","Q3321034","//www.wikidata.org/wiki/Q3321034","accounting that accounts for inflation","inflation accounting"
"CORREIO BRAZILIENSE","5812","0","Q3283333","//www.wikidata.org/wiki/Q3283333","Brazilian newspaper","Correio Braziliense"
"CORREIO BRAZILIENSE","5812","1","Q18621850","//www.wikidata.org/wiki/Q18621850","Wikinews article","Correio Braziliense: Novo chanceler das FARC vive em São Paulo"
"CORREIO BRAZILIENSE","5812","2","Q10260814","//www.wikidata.org/wiki/Q10260814","newspaper","Correio Braziliense (1808)"
"CORREIO DA BAHIA","5813","0","Q10260811","//www.wikidata.org/wiki/Q10260811","newspaper","Correio"
"CORREIO DA MANHÃ","5814","0","Q1135311","//www.wikidata.org/wiki/Q1135311","Portuguese newspaper","Correio da Manhã"
"CORREIO DA MANHÃ","5814","1","Q5172829","//www.wikidata.org/wiki/Q5172829","Brazilian newspaper","Correio da Manhã"
"CORREIO DA MANHÃ","5814","2","Q59734073","//www.wikidata.org/wiki/Q59734073","","Correio da Manhã Fund"
"CORREIO DO POVO","5816","0","Q5172828","//www.wikidata.org/wiki/Q5172828","Brazilian newspaper","Correio do Povo"
"CORREIO PAULISTANO","5817","0","Q10260823","//www.wikidata.org/wiki/Q10260823","Brazilian daily newspaper","Correio Paulistano"
"CRISTIANIZAÇÃO","5819","0","Q59532","//www.wikidata.org/wiki/Q59532","process by which Christianity spreads in a society or culture","christianization"
"CRISTIANIZAÇÃO","5819","1","Q51881847","//www.wikidata.org/wiki/Q51881847","","cristianização"
"CRISTIANIZAÇÃO","5819","2","Q573211","//www.wikidata.org/wiki/Q573211","10th-century Christianity","Christianization of Kievan Rus'"
"CRUZADA DO ROSÁRIO EM FAMÍLIA","5823","0","Q5433243","//www.wikidata.org/wiki/Q5433243","worldwide campaign that eventually became a Roman Catholic","Family Rosary Crusade"
"O CRUZEIRO","5826","0","Q110725876","//www.wikidata.org/wiki/Q110725876","Brazilian daily newspaper","O Cruzeiro"
"O CRUZEIRO","5826","1","Q111923519","//www.wikidata.org/wiki/Q111923519","","O Cruzeiro"
"O CRUZEIRO","5826","2","Q10338969","//www.wikidata.org/wiki/Q10338969","Brazilian magazine","O Cruzeiro"
"DECRETO LEI Nº 477","5829","0","Q10264680","//www.wikidata.org/wiki/Q10264680","Brazilian law-decree","Law-decree No. 477, of February 26, 1969"
"DECRETO LEI Nº 477","5829","1","Q105630294","//www.wikidata.org/wiki/Q105630294","Brazilian law-decree","Law-decree No. 4775, of October 1, 1942"
"DECRETO LEI Nº 477","5829","2","Q105630295","//www.wikidata.org/wiki/Q105630295","Brazilian law-decree","Law-decree No. 4776, of October 1, 1942"
"DESENVOLVIMENTISMO","5830","0","Q1143021","//www.wikidata.org/wiki/Q1143021","ideology or theory, according to which theory which the best way for less developed economies to develop is through fostering a strong and varied internal market and imposing high tariffs on imported goods","developmentalism"
"O DIA","5832","0","Q3347781","//www.wikidata.org/wiki/Q3347781","newspaper of Brasil","O Dia"
"O DIA","5832","1","Q223316","//www.wikidata.org/wiki/Q223316","2006 film directed by David Frankel","The Devil Wears Prada"
"O DIA","5832","2","Q1339580","//www.wikidata.org/wiki/Q1339580","comic style book series by Jeff Kinney","Diary of a Wimpy Kid"
"DIÁRIO CARIOCA","5833","0","Q10267568","//www.wikidata.org/wiki/Q10267568","Brazilian magazine","Diário Carioca"
"DIÁRIO DA BAHIA","5834","0","Q10267585","//www.wikidata.org/wiki/Q10267585","newspaper and publisher in Salvador, Brazil","Diário da Bahia"
"DIÁRIO DA MANHÃ","5835","0","Q85871309","//www.wikidata.org/wiki/Q85871309","","Diário da Manhã"
"DIÁRIO DA MANHÃ","5835","1","Q85871303","//www.wikidata.org/wiki/Q85871303","","Diário da Manhã"
"DIÁRIO DA MANHÃ","5835","2","Q10267592","//www.wikidata.org/wiki/Q10267592","","Diário da Manhã"
"DIÁRIO DA NOITE","5836","0","Q10267597","//www.wikidata.org/wiki/Q10267597","Brazilian newspaper with headquarters in São Paulo","Diário da Noite"
"DIÁRIO DA NOITE","5836","1","Q16829609","//www.wikidata.org/wiki/Q16829609","newspaper","Diário de Noite"
"DIÁRIO DA NOITE","5836","2","Q10267595","//www.wikidata.org/wiki/Q10267595","Brazilian newspaper with headquarters in Rio de Janeiro","Diário da Noite"
"DIÁRIO DE PERNAMBUCO","5839","0","Q3480197","//www.wikidata.org/wiki/Q3480197","","Diário de Pernambuco"
"DIÁRIO NACIONAL","5840","0","Q116204893","//www.wikidata.org/wiki/Q116204893","","Diário Nacional"
"DIÁRIO OFICIAL","5841","0","Q2065227","//www.wikidata.org/wiki/Q2065227","periodical publication authorised to publish public or legal notices","government gazette"
"DIÁRIO OFICIAL","5841","1","Q3712237","//www.wikidata.org/wiki/Q3712237","Official journal of the Brazilian government","Diário Oficial da União"
"DIÁRIO OFICIAL","5841","2","Q25208913","//www.wikidata.org/wiki/Q25208913","Official journal of Uruguay","Diario Oficial"
"DIRETAS JÁ","5843","0","Q3029667","//www.wikidata.org/wiki/Q3029667","1984 Brazilian civil unrest movement","Diretas Já"
"DIRETAS JÁ","5843","1","Q10266813","//www.wikidata.org/wiki/Q10266813","","Diretas Já!"
"DIRETRIZES","5844","0","Q10266845","//www.wikidata.org/wiki/Q10266845","","Diretrizes"
"DIRETRIZES","5844","1","Q2722351","//www.wikidata.org/wiki/Q2722351","standard defining conventions for how user interfaces behave on some platform","human interface guidelines"
"DIRETRIZES","5844","2","Q75846839","//www.wikidata.org/wiki/Q75846839","file inviting user contributions","Contributing guidelines"
"DÍVIDA EXTERNA","5845","0","Q461319","//www.wikidata.org/wiki/Q461319","total debt a country owes to foreign creditors","external debt"
"DÍVIDA EXTERNA","5845","1","Q10269352","//www.wikidata.org/wiki/Q10269352","","Dívida externa do Brasil"
"Eletrosul Centrais Elétricas","5848","0","Q5359479","//www.wikidata.org/wiki/Q5359479","","Eletrobras CGT Eletrosul"
"EMANCIPAÇÃO","5849","0","Q380351","//www.wikidata.org/wiki/Q380351","effort to procure economic and social rights, political rights or equality","emancipation"
"EMANCIPAÇÃO","5849","1","Q5230192","//www.wikidata.org/wiki/Q5230192","episode of House (S5 E8)","Emancipation"
"EMANCIPAÇÃO","5849","2","Q50516960","//www.wikidata.org/wiki/Q50516960","Academic journal published by Universidade Estadual de Ponta Grossa , covering the subjects:  Social Sciences: Social sciences (General)","Revista Emancipação"
"ENERGIA NUCLEAR","5852","0","Q12739","//www.wikidata.org/wiki/Q12739","power generated from nuclear reactions","nuclear power"
"ENERGIA NUCLEAR","5852","1","Q1344419","//www.wikidata.org/wiki/Q1344419","Wikimedia list article","nuclear power by country"
"ENERGIA NUCLEAR","5852","2","Q1067468","//www.wikidata.org/wiki/Q1067468","overview of nuclear power in Japan","nuclear power in Japan"
"Entreguismo","5854","0","Q10273169","//www.wikidata.org/wiki/Q10273169","","Entreguismo"
"ESQUERDA DEMOCRÁTICA","5855","0","Q1128823","//www.wikidata.org/wiki/Q1128823","Greek political party","Democratic Left"
"ESQUERDA DEMOCRÁTICA","5855","1","Q10275318","//www.wikidata.org/wiki/Q10275318","","Esquerda Democrática"
"ESQUERDA DEMOCRÁTICA","5855","2","Q201478","//www.wikidata.org/wiki/Q201478","Greek political party (1951–1977)","United Democratic Left"
"A ESQUERDA","5856","0","Q49764","//www.wikidata.org/wiki/Q49764","political party in Germany","The Left"
"A ESQUERDA","5856","1","Q30668436","//www.wikidata.org/wiki/Q30668436","eco-socialist and left-wing populist political party in Slovenia","The Left"
"A ESQUERDA","5856","2","Q1270494","//www.wikidata.org/wiki/Q1270494","political party in Luxembourg","The Left"
"ESTADO DE GUERRA","5858","0","Q183066","//www.wikidata.org/wiki/Q183066","2008 film directed by Kathryn Bigelow","The Hurt Locker"
"ESTADO DE GUERRA","5858","1","Q334516","//www.wikidata.org/wiki/Q334516","formal announcement by which one state goes to war against another","declaration of war"
"ESTADO DE GUERRA","5858","2","Q942343","//www.wikidata.org/wiki/Q942343","a situation when war has been declared or is in progress","State of war"
"O ESTADO DE MINAS","5859","0","Q3058830","//www.wikidata.org/wiki/Q3058830","Brazilian newspaper published em Belo Horizonte","Estado de Minas"
"O ESTADO DE S. PAULO","5860","0","Q1628345","//www.wikidata.org/wiki/Q1628345","Brazilian daily newspaper","O Estado de São Paulo"
"O ESTADO DE S. PAULO","5860","1","Q17933877","//www.wikidata.org/wiki/Q17933877","Wikinews article","O Estado de S. Paulo mostra as fotos do dinheiro usado para compra de dossiê contra adversários do PT"
"ESTADO DE SÍTIO","5861","0","Q1199755","//www.wikidata.org/wiki/Q1199755","1972 film by Costa-Gavras","State of Siege"
"ESTADO DE SÍTIO","5861","1","Q453914","//www.wikidata.org/wiki/Q453914","","State of siege"
"ESTADO DE SÍTIO","5861","2","Q20055377","//www.wikidata.org/wiki/Q20055377","","Estado de sítio"
"ESTADO NOVO","5863","0","Q824489","//www.wikidata.org/wiki/Q824489","1933-1974 authoritarian regime in Portugal","Estado Novo"
"ESTADO NOVO","5863","1","Q2394474","//www.wikidata.org/wiki/Q2394474","regime in Brazil (1937-1945)","Estado Novo"
"ESTADO NOVO","5863","2","Q292964","//www.wikidata.org/wiki/Q292964","Wikimedia disambiguation page","Estado Novo"
"ESTATUTO DA TERRA","5864","0","Q10275514","//www.wikidata.org/wiki/Q10275514","","Estatuto da Terra"
"EXAME","5866","0","Q265158","//www.wikidata.org/wiki/Q265158","evaluation of a publication, service, company, piece of hardware, event, exhibition, or performance","review"
"EXAME","5866","1","Q41482","//www.wikidata.org/wiki/Q41482","surgical procedure that consists of a thorough examination of a corpse","autopsy"
"EXAME","5866","2","Q5419276","//www.wikidata.org/wiki/Q5419276","Brazilian magazine","Exame"
"FEDERAÇÃO BRASILEIRA PELO PROGRESSO FEMININO","5870","0","Q10280539","//www.wikidata.org/wiki/Q10280539","","Brazilian Federation for Women's Progress"
"FEDERAÇÃO BRASILEIRA PELO PROGRESSO FEMININO","5870","1","Q59847490","//www.wikidata.org/wiki/Q59847490","National Archives Fund, Brazil","Federação Brasileira pelo Progresso Feminino Fund"
"FEDERAÇÃO DOS VOLUNTÁRIOS DE SÃO PAULO","5871","0","Q110515097","//www.wikidata.org/wiki/Q110515097","","Federação dos Voluntários de São Paulo"
"A FEDERAÇÃO","5872","0","Q18274905","//www.wikidata.org/wiki/Q18274905","newspaper in Brazil","A Federação"
"A FEDERAÇÃO","5872","1","Q100701501","//www.wikidata.org/wiki/Q100701501","1889 work by Francisco Antônio de Almeida Júnior","The Federation and the Monarchy"
"O FLUMINENSE","5873","0","Q10339159","//www.wikidata.org/wiki/Q10339159","brazilian newspaper","O Fluminense"
"FOLHA DE S. PAULO","5875","0","Q1435379","//www.wikidata.org/wiki/Q1435379","Brazilian daily newspaper","Folha de S. Paulo"
"FRENTE AMPLA","5876","0","Q1066799","//www.wikidata.org/wiki/Q1066799","Uruguayan left-wing political coalition","Broad Front"
"FRENTE AMPLA","5876","1","Q28469675","//www.wikidata.org/wiki/Q28469675","Chilean political coalition","Broad Front"
"FRENTE AMPLA","5876","2","Q10285915","//www.wikidata.org/wiki/Q10285915","","Frente Ampla"
"FRENTE NACIONAL DO TRABALHO","5882","0","Q25420501","//www.wikidata.org/wiki/Q25420501","","Frente Nacional do Trabalho"
"FRENTE NACIONALISTA","5884","0","Q2470914","//www.wikidata.org/wiki/Q2470914","rebel group active in the Ituri conflict in Ituri, Democratic Republic of the Congo, associated with the Lendu ethnic group","Nationalist and Integrationist Front"
"FRENTE NACIONALISTA","5884","1","Q2715662","//www.wikidata.org/wiki/Q2715662","political party in Chile","Fatherland and liberty"
"FRENTE NACIONALISTA","5884","2","Q43306468","//www.wikidata.org/wiki/Q43306468","loose coalition of white supremacist groups in the United States","Nationalist Front"
"FRENTE ÚNICA","5895","0","Q1307777","//www.wikidata.org/wiki/Q1307777","ruling coalition in communist states, consisting of a communist party and block parties","united front"
"FRENTE ÚNICA","5895","1","Q5527595","//www.wikidata.org/wiki/Q5527595","defunct political party of Brazil","Gaucho United Front"
"FRENTE ÚNICA","5895","2","Q10285936","//www.wikidata.org/wiki/Q10285936","Left wing organization in Brazil","Antifascist United Front (Brazil)"
"FUNDAÇÃO GETULIO VARGAS","5897","0","Q5508996","//www.wikidata.org/wiki/Q5508996","Brazilian institution of higher education","Fundação Getúlio Vargas"
"FUNDAÇÃO GETULIO VARGAS","5897","1","Q17892352","//www.wikidata.org/wiki/Q17892352","Wikinews article","Fundação Getúlio Vargas divulga índices econômicos do Brasil"
"FUNDAÇÃO GETULIO VARGAS","5897","2","Q52661655","//www.wikidata.org/wiki/Q52661655","Academic publisher based in Brazil","Fundação Getulio Vargas, Escola Brasileira de Administração Pública e de Empresas"
"FURNAS CENTRAIS ELÉTRICAS S.A.","5900","0","Q5359478","//www.wikidata.org/wiki/Q5359478","regional power utility in Brazil","Eletrobras Furnas"
"GAZETA DE NOTÍCIAS","5903","0","Q3099749","//www.wikidata.org/wiki/Q3099749","Brazilian newspaper","Gazeta de Notícias"
"A GAZETA","5904","0","Q9557394","//www.wikidata.org/wiki/Q9557394","newspaper","A Gazeta"
"A GAZETA","5904","1","Q18285196","//www.wikidata.org/wiki/Q18285196","Brazilian newspaper based in Espírito Santo","A Gazeta"
"A GAZETA","5904","2","Q104148326","//www.wikidata.org/wiki/Q104148326","extinct Brazilian newspaper based in Manaus (1949-1966)","A Gazeta"
"O GLOBO","5905","0","Q970729","//www.wikidata.org/wiki/Q970729","Brazilian daily newspaper","O Globo"
"O GLOBO","5905","1","Q10339189","//www.wikidata.org/wiki/Q10339189","","O Globo Juvenil"
"O GLOBO","5905","2","Q10339188","//www.wikidata.org/wiki/Q10339188","","O Globo Expedicionário"
"GREVE","5906","0","Q49776","//www.wikidata.org/wiki/Q49776","work stoppage caused by the mass refusal of employees to work","strike"
"GREVE","5906","1","Q504977","//www.wikidata.org/wiki/Q504977","municipality in Sjælland, eastern Denmark","Greve Municipality"
"GREVE","5906","2","Q28745130","//www.wikidata.org/wiki/Q28745130","family name","Greve"
"GRUPOS DOS ONZE","5910","0","Q10292027","//www.wikidata.org/wiki/Q10292027","Brazilian guerrilla disarticulated during the military dictatorship (1964-1985)","Grupos dos Onze"
"HOJE","5913","0","Q193168","//www.wikidata.org/wiki/Q193168","period of time occurring now","present"
"HOJE","5913","1","Q3151690","//www.wikidata.org/wiki/Q3151690","current day","today"
"HOJE","5913","2","Q2481730","//www.wikidata.org/wiki/Q2481730","second television channel of Rádio e Televisão de Portugal, public broadcasting corporation","RTP2"
"HORA DO POVO","5914","0","Q10298186","//www.wikidata.org/wiki/Q10298186","","Hora do Povo"
"O IMPARCIAL","5915","0","Q10339258","//www.wikidata.org/wiki/Q10339258","","O Imparcial"
"IMPEACHMENT","5916","0","Q480498","//www.wikidata.org/wiki/Q480498","process for charging a public official with legal offenses by the legislature(s)","impeachment"
"IMPEACHMENT","5916","1","Q114510449","//www.wikidata.org/wiki/Q114510449","episode of The Defenders (S4 E24)","Impeachment"
"IMPEACHMENT","5916","2","Q102242554","//www.wikidata.org/wiki/Q102242554","Thoroughbred racehorse","Impeachment"
"IMPRENSA ALTERNATIVA","5917","0","Q10308517","//www.wikidata.org/wiki/Q10308517","","Imprensa alternativa"
"IMPRENSA ALTERNATIVA","5917","1","Q111917919","//www.wikidata.org/wiki/Q111917919","","Imprensa alternativa na ditadura militar brasileira"
"Inflação","5919","0","Q35865","//www.wikidata.org/wiki/Q35865","rise in price level in an economy over time","inflation"
"Inflação","5919","1","Q273508","//www.wikidata.org/wiki/Q273508","theory of rapid universe expansion","inflation"
"Inflação","5919","2","Q110281455","//www.wikidata.org/wiki/Q110281455","ongoing global surge of higher-than-average inflation","2021–2023 inflation surge"
"INSTRUÇÃO 204","5921","0","Q10359852","//www.wikidata.org/wiki/Q10359852","","Instrução 204 da SUMOC"
"ISTOÉ","5926","0","Q3155750","//www.wikidata.org/wiki/Q3155750","Brazilian weekly news magazine founded in 1976","ISTOÉ"
"ISTOÉ","5926","1","Q10299481","//www.wikidata.org/wiki/Q10299481","","ISTOÉ Dinheiro"
"ISTOÉ","5926","2","Q10299482","//www.wikidata.org/wiki/Q10299482","","ISTOÉ Gente"
"ITABIRA IRON ORE COMPANY","5927","0","Q106802963","//www.wikidata.org/wiki/Q106802963","business","Itabira Iron Ore Company"
"ITAIPU BINACIONAL","5928","0","Q244169","//www.wikidata.org/wiki/Q244169","hydroelectric dam on the Paraná River on the border between Brazil and Paraguay","ITAIPU Binacional"
"ITAIPU BINACIONAL","5928","1","Q99520944","//www.wikidata.org/wiki/Q99520944","binational company formed by Brazil and Paraguay","Itaipú Binacional"
"REVOLTA DE JACAREACANGA","5929","0","Q10360228","//www.wikidata.org/wiki/Q10360228","","Revolta de Jacareacanga"
"JORNAL DA TARDE","5930","0","Q6278991","//www.wikidata.org/wiki/Q6278991","Brazilian newspaper","Jornal da Tarde"
"JORNAL DA TARDE","5930","1","Q107970792","//www.wikidata.org/wiki/Q107970792","","Jornal da Tarde"
"JORNAL DA TARDE","5930","2","Q10308453","//www.wikidata.org/wiki/Q10308453","Wikimedia disambiguation page","Jornal da Tarde"
"JORNAL DE BRASÍLIA","5932","0","Q10308472","//www.wikidata.org/wiki/Q10308472","","Jornal de Brasília"
"JORNAL DE BRASÍLIA","5932","1","Q10278622","//www.wikidata.org/wiki/Q10278622","","Jornal de Brasília FM"
"JORNAL DE DEBATES","5933","0","Q18276261","//www.wikidata.org/wiki/Q18276261","","Jornal de Debates"
"JORNAL DO BRASIL","5934","0","Q2537063","//www.wikidata.org/wiki/Q2537063","Brazilian newspaper","Jornal do Brasil"
"JORNAL DO BRASIL","5934","1","Q86736358","//www.wikidata.org/wiki/Q86736358","","Jornal do Brasil Football Club"
"JORNAL DO BRASIL","5934","2","Q17921963","//www.wikidata.org/wiki/Q17921963","Wikinews article","Jornal do Brasil já havia denunciado pagamento a deputados em 2004"
"JORNAL DO COMÉRCIO","5935","0","Q10308499","//www.wikidata.org/wiki/Q10308499","Brazilian newspaper","Jornal do Comércio"
"JORNAL DO COMÉRCIO","5935","1","Q104017828","//www.wikidata.org/wiki/Q104017828","Brazilian newspaper (Amazonas)","Jornal do Comércio"
"O JORNAL","5936","0","Q1747211","//www.wikidata.org/wiki/Q1747211","1994 film by Ron Howard","The Paper"
"O JORNAL","5936","1","Q111310453","//www.wikidata.org/wiki/Q111310453","Portuguese newspaper published in Madeira","O Jornal"
"O JORNAL","5936","2","Q7073275","//www.wikidata.org/wiki/Q7073275","Brazilian newspaper","O Jornal"
"JUNTAS MILITARES","5938","0","Q7033039","//www.wikidata.org/wiki/Q7033039","Nigerian military reign from 1966-1999","Nigerian military juntas of 1966–1979 and 1983–1998"
"JUNTAS MILITARES","5938","1","Q86237856","//www.wikidata.org/wiki/Q86237856","Argentina's military junta","Government Military Junta"
"JUNTAS MILITARES","5938","2","Q20165773","//www.wikidata.org/wiki/Q20165773","","Juntas Militares de 1954 en Guatemala"
"JUVENTUDE BRASILEIRA","5939","0","Q106546064","//www.wikidata.org/wiki/Q106546064","","Juventude Brasileira"
"LEGIÃO CEARENSE DO TRABALHO","5942","0","Q3229082","//www.wikidata.org/wiki/Q3229082","","Legião Cearense do Trabalho"
"LEGIÃO CÍVICA 5 DE JULHO","5943","0","Q106617755","//www.wikidata.org/wiki/Q106617755","","Legião Cívica 5 de Julho"
"LEGIÃO DE OUTUBRO","5947","0","Q113650685","//www.wikidata.org/wiki/Q113650685","","Legião de Outubro"
"LEGIÃO REVOLUCIONÁRIA DE SÃO PAULO","5954","0","Q110566550","//www.wikidata.org/wiki/Q110566550","","Legião Revolucionária de São Paulo"
"LEI DE DIRETRIZES E BASES DA EDUCAÇÃO NACIONAL","5955","0","Q10316980","//www.wikidata.org/wiki/Q10316980","","Lei de Diretrizes e Bases da Educação Nacional"
"LEI DE DIRETRIZES E BASES DA EDUCAÇÃO NACIONAL","5955","1","Q17197799","//www.wikidata.org/wiki/Q17197799","Wikimedia disambiguation page","Lei de Diretrizes e Bases da Educação Nacional"
"LEI DE IMPRENSA","5956","0","Q6805989","//www.wikidata.org/wiki/Q6805989","control or guidance of mass media by governments and other bodies","media regulation"
"LEI DE SEGURANÇA NACIONAL","5957","0","Q28681032","//www.wikidata.org/wiki/Q28681032","Brazilian law","Law No. 7170 of December 14, 1983"
"LEI DE SEGURANÇA NACIONAL","5957","1","Q10316989","//www.wikidata.org/wiki/Q10316989","","Lei de Segurança Nacional"
"LEI DE SEGURANÇA NACIONAL","5957","2","Q95976070","//www.wikidata.org/wiki/Q95976070","A Chinese law enacted on 2300 HKT, June 30, 2020, only in Hong Kong, for Safeguarding National Security","Law of the People's Republic of China on Safeguarding National Security in the Hong Kong Special Administrative Region"
"LEI SUPLICY","5962","0","Q112119504","//www.wikidata.org/wiki/Q112119504","","Lei Suplicy"
"LEND LEASE ACT","5964","0","Q207637","//www.wikidata.org/wiki/Q207637","United States foreign policy during World War II","Lend-Lease"
"LEND LEASE ACT","5964","1","Q19095745","//www.wikidata.org/wiki/Q19095745","","Lend-Lease Acts"
"LEND LEASE ACT","5964","2","Q114163608","//www.wikidata.org/wiki/Q114163608","Wikimedia disambiguation page","Lend-Lease Act"
"LIGA COMUNISTA INTERNACIONALISTA","5967","0","Q6055362","//www.wikidata.org/wiki/Q6055362","defunct Trotskyist party in Portugal","Internationalist Communist League"
"LIGA COMUNISTA INTERNACIONALISTA","5967","1","Q10318110","//www.wikidata.org/wiki/Q10318110","Brazilian political party (1934)","International Communist League"
"LIGA COMUNISTA INTERNACIONALISTA","5967","2","Q10318109","//www.wikidata.org/wiki/Q10318109","Brazilian political party","International Communist League"
"LIGA DE DEFESA PAULISTA","5973","0","Q110096346","//www.wikidata.org/wiki/Q110096346","","Liga de Defesa Paulista"
"LUTA DEMOCRÁTICA","5984","0","Q10321048","//www.wikidata.org/wiki/Q10321048","newspaper","Luta Democrática"
"EMBRATEL","5985","0","Q4382227","//www.wikidata.org/wiki/Q4382227","Brazilian telecommunications company","Embratel"
"O MALHO","5986","0","Q10339353","//www.wikidata.org/wiki/Q10339353","Brazilian satirical magazine","O Malho"
"O MALHO","5986","1","Q2446414","//www.wikidata.org/wiki/Q2446414","1914 film by Charlie Chaplin","The Face on the Bar Room Floor"
"MANCHETE","5987","0","Q1313396","//www.wikidata.org/wiki/Q1313396","text indicating the nature of the article below it","headline"
"MANCHETE","5987","1","Q4253475","//www.wikidata.org/wiki/Q4253475","defunct Brazilian broadcast television network","Rede Manchete"
"MANCHETE","5987","2","Q10323530","//www.wikidata.org/wiki/Q10323530","Magazine","Manchete"
"A MANHÃ","5990","0","Q1195869","//www.wikidata.org/wiki/Q1195869","painting by Philipp Otto Runge","The Morning"
"A MANHÃ","5990","1","Q10395525","//www.wikidata.org/wiki/Q10395525","play","À Manhã"
"A MANHÃ","5990","2","Q1195881","//www.wikidata.org/wiki/Q1195881","1986 film directed by Sidney Lumet","The Morning After"
"MANIFESTO DOS MINEIROS","5992","0","Q10323701","//www.wikidata.org/wiki/Q10323701","","Manifesto dos Mineiros"
"MANIFESTO DOS PIONEIROS DA EDUCAÇÃO NOVA","5993","0","Q10323705","//www.wikidata.org/wiki/Q10323705","","Manifesto dos Pioneiros da Educação Nova"
"MARCHA DA FAMÍLIA COM DEUS PELA LIBERDADE","5995","0","Q10325205","//www.wikidata.org/wiki/Q10325205","1964 political march in Brazil","March of the Family with God for Liberty"
"A MARCHA","5997","0","Q115653","//www.wikidata.org/wiki/Q115653","1999 novel by Daniel Silva","The Marching Season"
"A MARCHA","5997","1","Q9294457","//www.wikidata.org/wiki/Q9294457","1972 film","A Marcha"
"A MARCHA","5997","2","Q330113","//www.wikidata.org/wiki/Q330113","2005 documentary movie on Emperor penguins directed by Luc Jacquet","March of the Penguins"
"MERCOSUL","5999","0","Q4264","//www.wikidata.org/wiki/Q4264","South American economic agreement","Mercosur"
"MERCOSUL","5999","1","Q53078879","//www.wikidata.org/wiki/Q53078879","","Mercosul e União Europeia podem fechar acordo de livre comércio"
"MERCOSUL","5999","2","Q110977941","//www.wikidata.org/wiki/Q110977941","","Mercosul Educacional"
"Milagre Econômico Brasileiro","6001","0","Q3624469","//www.wikidata.org/wiki/Q3624469","period of economic growth in Brazil","Brazilian Miracle"
"MMDC","6007","0","Q10322291","//www.wikidata.org/wiki/Q10322291","","MMDC"
"MMDC","6007","1","Q28913264","//www.wikidata.org/wiki/Q28913264","year","2600"
"MMDC","6007","2","Q45320141","//www.wikidata.org/wiki/Q45320141","monument in São Paulo city, Brazil","Martins, Miragaia, Dráusio E Camargo"
"MOVIMENTO DEMOCRÁTICO PROGRESSISTA","6021","0","Q66739529","//www.wikidata.org/wiki/Q66739529","Brazilian political coalition in Rondonópolis, Mato Grosso","Movimento Democratico Progressista"
"MOVIMENTO FEMINISTA","6025","0","Q15580856","//www.wikidata.org/wiki/Q15580856","series of political campaigns for reforms on feminist issues","feminist movement"
"MOVIMENTO FEMINISTA","6025","1","Q19766999","//www.wikidata.org/wiki/Q19766999","Wikinews article","Movimento feminista se reúne com ministro defendendo regulamentação da mídia"
"MOVIMENTO NEGRO NO BRASIL","6031","0","Q4921366","//www.wikidata.org/wiki/Q4921366","political and social movement and ideology","Black Movement of Brazil"
"MOVIMENTO REVOLUCIONÁRIO 8 DE OUTUBRO (MR-8)","6034","0","Q2657568","//www.wikidata.org/wiki/Q2657568","Communist guerrilla movement during the Brazilian military dictatorship from 1964-1985, then a Communist party from 1985-2009, now a Communist activist group since 2009.","8th October Revolutionary Movement"
"MOVIMENTO REVOLUCIONÁRIO TIRADENTES (MRT)","6035","0","Q56351979","//www.wikidata.org/wiki/Q56351979","armed struggle organization against the Military dictatorship in Brazil","Movimento Revolucionário Tiradentes"
"MOVIMENTO TRABALHISTA RENOVADOR (MTR)","6037","0","Q10332828","//www.wikidata.org/wiki/Q10332828","","Movimento Trabalhista Renovador"
"MOVIMENTO","6041","0","Q79782","//www.wikidata.org/wiki/Q79782","change in position of an object over time; a body is said to be in motion if it changes its position or orientation with respect to its immediate surroundings","motion"
"MOVIMENTO","6041","1","Q929848","//www.wikidata.org/wiki/Q929848","self-contained part of a musical composition or musical form","movement"
"MOVIMENTO","6041","2","Q56244401","//www.wikidata.org/wiki/Q56244401","action selected by a player in a game","move"
"O MUNDO","6042","0","Q16502","//www.wikidata.org/wiki/Q16502","term ambiguously referring to any of: the whole of reality, the universe, the Earth and all life upon it, or human civilization","world"
"O MUNDO","6042","1","Q2502635","//www.wikidata.org/wiki/Q2502635","trump or Major Arcana card in the Tarot deck","The World"
"O MUNDO","6042","2","Q20049894","//www.wikidata.org/wiki/Q20049894","newspaper","O Mundo"
"A NAÇÃO","6043","0","Q18278375","//www.wikidata.org/wiki/Q18278375","Brazilian newspaper published in Rio de Janeiro between 1872 and 1876","A Nação"
"A NAÇÃO","6043","1","Q55603009","//www.wikidata.org/wiki/Q55603009","Cape Verdean newspaper","A Nação"
"A NAÇÃO","6043","2","Q9558276","//www.wikidata.org/wiki/Q9558276","Brazilian newspaper published in Porto Alegre","A Nação"
"O NACIONAL","6044","0","Q16512555","//www.wikidata.org/wiki/Q16512555","","O nacionalnosti"
"O NACIONAL","6044","1","Q120372698","//www.wikidata.org/wiki/Q120372698","","O nacionalismu"
"O NACIONAL","6044","2","Q121924369","//www.wikidata.org/wiki/Q121924369","book edition published in 1930","O nacionalismu a novém slovanství"
"NACIONALISMO","6045","0","Q6235","//www.wikidata.org/wiki/Q6235","ideology and movement that promotes the interests of a particular nation (as in a group of people) especially with the aim of gaining and maintaining the nation's sovereignty (self-governance) over its homeland","nationalism"
"NACIONALISMO","6045","1","Q42388","//www.wikidata.org/wiki/Q42388","national movement and ideology for a Jewish state in the Land of Israel","Zionism"
"NACIONALISMO","6045","2","Q1735599","//www.wikidata.org/wiki/Q1735599","ideology asserting that the Catalans are a distinct nation","Catalan nationalism"
"NAZISMO NO BRASIL","6046","0","Q28813269","//www.wikidata.org/wiki/Q28813269","","Nazism in Brazil"
"A NOITE","6048","0","Q1215047","//www.wikidata.org/wiki/Q1215047","1961 film directed by Michelangelo Antonioni","La Notte"
"A NOITE","6048","1","Q9558312","//www.wikidata.org/wiki/Q9558312","Brazilian newspaper","A Noite"
"A NOITE","6048","2","Q115269934","//www.wikidata.org/wiki/Q115269934","Album","A Noite"
"A NOTA","6049","0","Q2358852","//www.wikidata.org/wiki/Q2358852","1991 film by Andrzej Żuławski","La note bleue"
"A NOTA","6049","1","Q19524702","//www.wikidata.org/wiki/Q19524702","","A Nota de Cem Mil-Réis"
"A NOTA","6049","2","Q64007749","//www.wikidata.org/wiki/Q64007749","human settlement in Spain","A Notaria"
"A NOTÍCIA","6050","0","Q2819844","//www.wikidata.org/wiki/Q2819844","","A Notícia"
"NOTÍCIAS POPULARES","6051","0","Q10337730","//www.wikidata.org/wiki/Q10337730","Brazilian newspaper","Notícias Populares"
"NOVOS RUMOS","6052","0","Q10338052","//www.wikidata.org/wiki/Q10338052","album by Resgate","Novos Rumos"
"NOVOS RUMOS","6052","1","Q10338053","//www.wikidata.org/wiki/Q10338053","album by Déio Tambasco","Novos Rumos (álbum de Déio Tambasco)"
"NOVOS RUMOS","6052","2","Q17995651","//www.wikidata.org/wiki/Q17995651","Wikimedia disambiguation page","Novos Rumos"
"OPINIÃO","6056","0","Q3962655","//www.wikidata.org/wiki/Q3962655","judgment, viewpoint, or statement that is not conclusive; may deal with subjective matters in which there is no conclusive finding","opinion"
"OPINIÃO","6056","1","Q20059148","//www.wikidata.org/wiki/Q20059148","","Opinião"
"OPINIÃO","6056","2","Q97178428","//www.wikidata.org/wiki/Q97178428","2008 single by Marcozero","Opinião"
"O PAÍS","6060","0","Q2008340","//www.wikidata.org/wiki/Q2008340","","O País"
"O PAÍS","6060","1","Q18279307","//www.wikidata.org/wiki/Q18279307","Portuguese newspaper","O País"
"O PAÍS","6060","2","Q19787705","//www.wikidata.org/wiki/Q19787705","Mozambican newspaper","O País"
"PARTIDO AGRÁRIO NACIONAL","6064","0","Q10345601","//www.wikidata.org/wiki/Q10345601","","Partido Agrário Nacional"
"PARTIDO AGRÁRIO NACIONAL","6064","1","Q5390268","//www.wikidata.org/wiki/Q5390268","","Partido Agrario Nacional"
"PARTIDO ALIANCISTA RENOVADOR DO RIO DE JANEIRO","6065","0","Q110418068","//www.wikidata.org/wiki/Q110418068","Brazilian political party","Partido Aliancista Renovador do Rio de Janeiro"
"PARTIDO AUTONOMISTA DO DISTRITO FEDERAL","6066","0","Q20060548","//www.wikidata.org/wiki/Q20060548","","Partido Autonomista do Distrito Federal"
"PARTIDO COMUNISTA BRASILEIRO (PCB)","6069","0","Q2597196","//www.wikidata.org/wiki/Q2597196","Communist political party in Brazil","Brazilian Communist Party"
"PARTIDO COMUNISTA BRASILEIRO REVOLUCIONÁRIO (PCBR)","6070","0","Q9056162","//www.wikidata.org/wiki/Q9056162","","Partido Comunista Brasileiro Revolucionário"
"PARTIDO COMUNISTA DO BRASIL (PCDOB)","6071","0","Q504000","//www.wikidata.org/wiki/Q504000","political party in Brazil","Communist Party of Brazil"
"PARTIDO COMUNISTA REVOLUCIONÁRIO (PCR)","6072","0","Q5558709","//www.wikidata.org/wiki/Q5558709","Revolutionary Communist Party of Brazil","Revolutionary Communist Party"
"PARTIDO CONSTITUCIONALISTA DE SÃO PAULO","6076","0","Q61000589","//www.wikidata.org/wiki/Q61000589","","Partido Constitucionalista de São Paulo"
"PARTIDO DEMOCRÁTICO TRABALHISTA (PDT)","6101","0","Q1414708","//www.wikidata.org/wiki/Q1414708","Brazilian political party","Democratic Labour Party"
"PARTIDO ECONOMISTA DEMOCRÁTICO DO DISTRITO FEDERAL","6112","0","Q20053770","//www.wikidata.org/wiki/Q20053770","","Partido Economista Democrático do Distrito Federal"
"PARTIDO LIBERAL CATARINENSE","6125","0","Q10345639","//www.wikidata.org/wiki/Q10345639","","Partido Liberal Catarinense"
"PARTIDO LIBERAL DE PERNAMBUCO","6127","0","Q97280353","//www.wikidata.org/wiki/Q97280353","","Partido Liberal de Pernambuco"
"PARTIDO LIBERAL PAULISTA","6134","0","Q110079961","//www.wikidata.org/wiki/Q110079961","","Partido Liberal Paulista"
"PARTIDO POPULAR DA BAHIA","6169","0","Q118213960","//www.wikidata.org/wiki/Q118213960","","Partido Popular da Bahia"
"PARTIDO POPULAR PAULISTA","6175","0","Q10345660","//www.wikidata.org/wiki/Q10345660","","Partido Popular Paulista"
"PARTIDO PROGRESSISTA DEMOCRÁTICO","6185","0","Q1185876","//www.wikidata.org/wiki/Q1185876","political party in Malawi","Democratic Progressive Party"
"PARTIDO REPUBLICANO BAIANO","6198","0","Q18481227","//www.wikidata.org/wiki/Q18481227","","Partido Republicano Baiano"
"PARTIDO REPUBLICANO DEMOCRATA DA BAHIA","6203","0","Q108429285","//www.wikidata.org/wiki/Q108429285","","Partido Republicano Democrata da Bahia"
"PARTIDO REPUBLICANO DEMOCRÁTICO","6204","0","Q103931478","//www.wikidata.org/wiki/Q103931478","former Brazilian political party (Amazonas)","Partido Democrata"
"PARTIDO REPUBLICANO DEMOCRÁTICO","6204","1","Q18481232","//www.wikidata.org/wiki/Q18481232","","Partido Republicano Democrático"
"PARTIDO REPUBLICANO DEMOCRÁTICO","6204","2","Q3125165","//www.wikidata.org/wiki/Q3125165","Spanish political party (1869-1910)","Democratic Federal Republican Party"
"PARTIDO SOCIAL DEMOCRÁTICO (PSD)","6230","0","Q2626216","//www.wikidata.org/wiki/Q2626216","political party of Brazil (1945-1965)","Social Democratic Party (1945)"
"PARTIDO TRABALHISTA RENOVADOR BRASILEIRO","6282","0","Q10345697","//www.wikidata.org/wiki/Q10345697","","Partido Trabalhista Renovador Brasileiro"
"O PASQUIM","6288","0","Q3894172","//www.wikidata.org/wiki/Q3894172","Brazilian weekly newspaper published in Rio de Janeiro from 1969 to the mid 1970s","O Pasquim"
"PASSEATA DOS CEM MIL","6289","0","Q5691840","//www.wikidata.org/wiki/Q5691840","","March of the One Hundred Thousand"
"A PÁTRIA","6290","0","Q7159858","//www.wikidata.org/wiki/Q7159858","Brazilian artist, musician writer and landscaper (1888-1949)","Pedro Bruno"
"A PÁTRIA","6290","1","Q20980433","//www.wikidata.org/wiki/Q20980433","poem","A Pátria"
"A PÁTRIA","6290","2","Q4430224","//www.wikidata.org/wiki/Q4430224","Sovnarkom decree of danger","Socialist Homeland is in Danger!"
"PELEGO","6292","0","Q106547237","//www.wikidata.org/wiki/Q106547237","","Pelego"
"PELEGO","6292","1","Q146118","//www.wikidata.org/wiki/Q146118","genus of plants","Pelargonium"
"PELEGO","6292","2","Q6759008","//www.wikidata.org/wiki/Q6759008","river in Kirov Oblast, Russia","Pelegova"
"PETROBRAS","6293","0","Q210047","//www.wikidata.org/wiki/Q210047","Brazilian energy company","Petrobras"
"PETROBRAS","6293","1","Q15972921","//www.wikidata.org/wiki/Q15972921","genus of reptiles (fossil)","Petrobrasaurus"
"PETROBRAS","6293","2","Q1878837","//www.wikidata.org/wiki/Q1878837","species of reptile (fossil)","Petrobrasaurus puestohernandezi"
"PLANO BRESSER","6294","0","Q10350288","//www.wikidata.org/wiki/Q10350288","","Plano Bresser"
"PLANO COHEN","6295","0","Q10350289","//www.wikidata.org/wiki/Q10350289","","Cohen Plan"
"PLANO COLLOR","6296","0","Q6136493","//www.wikidata.org/wiki/Q6136493","Eeconomic reforms during the presidency of Fernando Collor de Mello","Plano Collor"
"PLANO CRUZADO","6297","0","Q6077316","//www.wikidata.org/wiki/Q6077316","One of Brazilian macroeconomic reforms plans","Cruzado Plan"
"PLANO CRUZADO","6297","1","Q10350293","//www.wikidata.org/wiki/Q10350293","","Plano Cruzado II"
"PLANO REAL","6303","0","Q1811698","//www.wikidata.org/wiki/Q1811698","set of measures taken to stabilize the Brazilian economy in 1993 and 1994","Plano Real"
"PLANO REAL","6303","1","Q17936900","//www.wikidata.org/wiki/Q17936900","Wikinews article","Plano Real completa 18 anos"
"PLANO SALTE","6304","0","Q10350306","//www.wikidata.org/wiki/Q10350306","","Plano SALTE"
"PLANO VERÃO","6306","0","Q10350310","//www.wikidata.org/wiki/Q10350310","","Plano Verão"
"PLEBISCITO","6308","0","Q43109","//www.wikidata.org/wiki/Q43109","direct and universal vote in which an entire electorate is invited to vote on a particular proposal","referendum"
"PLEBISCITO","6308","1","Q1214249","//www.wikidata.org/wiki/Q1214249","referendum","plebiscite"
"PLEBISCITO","6308","2","Q21045444","//www.wikidata.org/wiki/Q21045444","short story by Artur Azevedo","Plebiscito"
"POLÍTICA DE BOA VIZINHANÇA","6309","0","Q1515876","//www.wikidata.org/wiki/Q1515876","Franklin Roosevelt policy towards Latin America","Good Neighbor policy"
"POLÍTICA EXTERNA INDEPENDENTE","6311","0","Q10351058","//www.wikidata.org/wiki/Q10351058","foreign-policy doctrine","independent foreign policy"
"PONTO IV","6312","0","Q3624552","//www.wikidata.org/wiki/Q3624552","","Ivan Vladislav Point"
"O POPULAR","6313","0","Q156175","//www.wikidata.org/wiki/Q156175","King of Portugal","Luís I of Portugal"
"O POPULAR","6313","1","Q10308383","//www.wikidata.org/wiki/Q10308383","newspaper","O Popular"
"O POPULAR","6313","2","Q18942584","//www.wikidata.org/wiki/Q18942584","","O Popular de Soure"
"POPULISMO","6314","0","Q180490","//www.wikidata.org/wiki/Q180490","political philosophy","populism"
"POPULISMO","6314","1","Q436860","//www.wikidata.org/wiki/Q436860","combination of right-wing politics and populist themes","right-wing populism"
"POPULISMO","6314","2","Q216741","//www.wikidata.org/wiki/Q216741","political and ideological movement of nineteenth-century Russia and Ukraine","Narodniks"
"PROJETO JARI","6325","0","Q1126375","//www.wikidata.org/wiki/Q1126375","","Jari project"
"QUILOMBO","6327","0","Q1415423","//www.wikidata.org/wiki/Q1415423","Brazilian hinterland human settlement founded by people of African origin including the Quilombolas, or Maroons","quilombo"
"QUILOMBO","6327","1","Q2012005","//www.wikidata.org/wiki/Q2012005","municipality in the state of Santa Catarina, Brazil","Quilombo"
"QUILOMBO","6327","2","Q7272008","//www.wikidata.org/wiki/Q7272008","1984 film by Carlos Diegues","Quilombo"
"RÁDIO CLUBE DO BRASIL","6330","0","Q10365985","//www.wikidata.org/wiki/Q10365985","radio station in Brazil","Rádio Clube do Brasil"
"RÁDIO FARROUPILHA","6331","0","Q10365805","//www.wikidata.org/wiki/Q10365805","radio station in Brazil","Rádio Farroupilha"
"RÁDIO GAÚCHA","6332","0","Q5638365","//www.wikidata.org/wiki/Q5638365","Brazilian radio station","Rádio Gaúcha"
"RÁDIO GAÚCHA","6332","1","Q10365820","//www.wikidata.org/wiki/Q10365820","radio station in Brazil","Rádio Gaúcha (Santa Maria)"
"RÁDIO GAÚCHA","6332","2","Q10365582","//www.wikidata.org/wiki/Q10365582","","Rádio Gaúcha Zona Sul"
"RÁDIO GLOBO","6333","0","Q10365824","//www.wikidata.org/wiki/Q10365824","Brazilian radio station","Rádio Globo"
"RÁDIO GLOBO","6333","1","Q10365851","//www.wikidata.org/wiki/Q10365851","radio station in Rio de Janeiro, Brazil","Rádio Globo"
"RÁDIO GLOBO","6333","2","Q10365854","//www.wikidata.org/wiki/Q10365854","Brazilian radio station in São Paulo city","Rádio Globo São Paulo"
"RÁDIO GUAÍBA","6334","0","Q9071547","//www.wikidata.org/wiki/Q9071547","radio station in Brazil","Rádio Guaíba"
"RÁDIO JOVEM PAN","6336","0","Q10358223","//www.wikidata.org/wiki/Q10358223","Brazilian radio network in format top 40/CHR/all news","Jovem Pan"
"RÁDIO JOVEM PAN","6336","1","Q10310928","//www.wikidata.org/wiki/Q10310928","Wikimedia disambiguation page","Jovem Pan"
"RÁDIO MAUÁ","6337","0","Q10365889","//www.wikidata.org/wiki/Q10365889","Brazilian radio station","Rádio Contemporânea"
"RÁDIO MAYRINK VEIGA","6338","0","Q10365961","//www.wikidata.org/wiki/Q10365961","radio station in Rio de Janeiro","Rádio Mayrink Veiga"
"RÁDIO MAYRINK VEIGA","6338","1","Q61953254","//www.wikidata.org/wiki/Q61953254","fund under the custody of the Brazilian National Archives","Rádio Mayrink Veiga"
"RÁDIO MEC","6339","0","Q2521321","//www.wikidata.org/wiki/Q2521321","Brazilian radio","Rádio MEC"
"RÁDIO MEC","6339","1","Q61953469","//www.wikidata.org/wiki/Q61953469","fund under the custody of the Brazilian National Archives","Rádio Mec"
"RÁDIO NACIONAL","6340","0","Q65243750","//www.wikidata.org/wiki/Q65243750","public broadcasting company in Guinea-Bissau","National Broadcasting of Guinea-Bissau"
"RÁDIO NACIONAL","6340","1","Q2302267","//www.wikidata.org/wiki/Q2302267","public radio broadcaster of Spain","RNE"
"RÁDIO NACIONAL","6340","2","Q7385858","//www.wikidata.org/wiki/Q7385858","Brazilian public radio network","Rádio Nacional"
"RÁDIO RECORD","6341","0","Q7385860","//www.wikidata.org/wiki/Q7385860","Brazilian radio station in São Paulo city","Rádio Record"
"RÁDIO RECORD","6341","1","Q2342495","//www.wikidata.org/wiki/Q2342495","US recording studio based in Los Angeles, California","Radio Recorders, Inc."
"RÁDIO RECORD","6341","2","Q10365889","//www.wikidata.org/wiki/Q10365889","Brazilian radio station","Rádio Contemporânea"
"RÁDIO TUPI","6342","0","Q10374898","//www.wikidata.org/wiki/Q10374898","Brazilian radio station","Super Rádio Tupi"
"RÁDIO TUPI","6342","1","Q86732045","//www.wikidata.org/wiki/Q86732045","radio station in Brazil","Rádio Tupi de São Paulo"
"RÁDIO TUPI","6342","2","Q11701767","//www.wikidata.org/wiki/Q11701767","Brazilian radio station in São Paulo city","Super Rádio"
"REALIDADE","6345","0","Q182415","//www.wikidata.org/wiki/Q182415","genre of television programming that documents unscripted situations and actual occurrences","reality television"
"REALIDADE","6345","1","Q9510","//www.wikidata.org/wiki/Q9510","sum or aggregate of all that is real or existent","reality"
"REALIDADE","6345","2","Q170519","//www.wikidata.org/wiki/Q170519","computer-simulated environment simulating physical presence in real or imagined worlds","virtual reality"
"REDE BANDEIRANTES","6346","0","Q2713068","//www.wikidata.org/wiki/Q2713068","Brazilian commercial broadcast television network","Rede Bandeirantes"
"REDE BANDEIRANTES","6346","1","Q7385855","//www.wikidata.org/wiki/Q7385855","Brazilian radio network","Rádio Bandeirantes"
"REDE BANDEIRANTES","6346","2","Q17950814","//www.wikidata.org/wiki/Q17950814","Wikinews article","Rede Bandeirantes tem a nova programação nas manhãs"
"REDE BRASIL SUL","6347","0","Q3064726","//www.wikidata.org/wiki/Q3064726","Brazilian media conglomerate","Grupo RBS"
"REDE GLOBO","6348","0","Q3587","//www.wikidata.org/wiki/Q3587","Brazilian television network","TV Globo"
"REDE GLOBO","6348","1","Q10377184","//www.wikidata.org/wiki/Q10377184","television channel","TV Globo Internacional"
"REDE GLOBO","6348","2","Q10290149","//www.wikidata.org/wiki/Q10290149","Globo Network","Globo Network Portugal"
"REDE MANCHETE","6349","0","Q4253475","//www.wikidata.org/wiki/Q4253475","defunct Brazilian broadcast television network","Rede Manchete"
"REDE MANCHETE","6349","1","Q7672302","//www.wikidata.org/wiki/Q7672302","television station","TV Brasília"
"REDE RECORD DE TELEVISÃO","6351","0","Q1458581","//www.wikidata.org/wiki/Q1458581","Brazilian commercial television network","RecordTV"
"REDEMOCRATIZAÇÃO","6352","0","Q10358336","//www.wikidata.org/wiki/Q10358336","","Redemocratização"
"REFORMA AGRÁRIA","6353","0","Q208128","//www.wikidata.org/wiki/Q208128","changes to land ownership","land reform"
"REFORMA AGRÁRIA","6353","1","Q10927676","//www.wikidata.org/wiki/Q10927676","Chinese campaign led by Mao Zedong","land reform in China"
"REFORMA AGRÁRIA","6353","2","Q99675557","//www.wikidata.org/wiki/Q99675557","","Category:Land reform in Brazil"
"REFORMA UNIVERSITÁRIA","6354","0","Q10358500","//www.wikidata.org/wiki/Q10358500","","Reforma universitária"
"REFORMA UNIVERSITÁRIA","6354","1","Q7894907","//www.wikidata.org/wiki/Q7894907","general modernization of the universities tending towards democratization brought about by student activism","Argentine university reform of 1918"
"REFORMA UNIVERSITÁRIA","6354","2","Q47170032","//www.wikidata.org/wiki/Q47170032","Wikimedia disambiguation page","Reforma universitária"
"REFORMAS DE BASE","6355","0","Q10358504","//www.wikidata.org/wiki/Q10358504","","Reformas de base"
"RESOLUCAO 63","6359","0","Q4121659","//www.wikidata.org/wiki/Q4121659","United Nations Security Council resolution","United Nations Security Council Resolution 63"
"REVOLTA COMUNISTA DE 1935","6361","0","Q2027494","//www.wikidata.org/wiki/Q2027494","Brazilian military revolt against President Getúlio Vargas","1935 Brazilian Communist uprising"
"REVOLTA DOS MARINHEIROS","6362","0","Q59420732","//www.wikidata.org/wiki/Q59420732","Conflict between the Brazilian Navy and the Association of Sailors","Revolta dos Marinheiros de 1964"
"REVOLTA DOS MARINHEIROS","6362","1","Q10360246","//www.wikidata.org/wiki/Q10360246","mutiny in the Portuguese Navy in 1936","1936 Naval Revolt"
"REVOLTA DOS MARINHEIROS","6362","2","Q59421776","//www.wikidata.org/wiki/Q59421776","Wikimedia disambiguation page","Revolta dos Marinheiros"
"REVOLTA DOS SARGENTOS","6363","0","Q10360249","//www.wikidata.org/wiki/Q10360249","","Revolta dos sargentos"
"REVOLTA DOS SARGENTOS","6363","1","Q115839692","//www.wikidata.org/wiki/Q115839692","","Revolta dos sargentos de 1915"
"REVOLTA INTEGRALISTA","6364","0","Q3491721","//www.wikidata.org/wiki/Q3491721","","Integralist Uprising"
"REVOLUÇÃO DE 1930","6365","0","Q2634783","//www.wikidata.org/wiki/Q2634783","October 1930 government overthrow in Brazil","Brazilian Revolution of 1930"
"REVOLUÇÃO DE 1930","6365","1","Q109630988","//www.wikidata.org/wiki/Q109630988","photograph by Guilherme Santos","Revolução de 1930; conflito na rua do Rosário"
"REVOLUÇÃO DE 1930","6365","2","Q109630986","//www.wikidata.org/wiki/Q109630986","photograph by Guilherme Santos","Revolução de 1930; populares e revolucionários na avenida Rio Branco"
"REVOLUÇÃO DE 1932","6366","0","Q2592295","//www.wikidata.org/wiki/Q2592295","1932 Civil War in Brazil","Constitutionalist Revolution"
"REVOLUÇÃO DE 1932","6366","1","Q56677491","//www.wikidata.org/wiki/Q56677491","Museu Paulista's collection","Revolução de 1932 collection"
"GOLPE DE 1964","6367","0","Q107187684","//www.wikidata.org/wiki/Q107187684","","Golpe de 1964 no Vale do Paraíba"
"GOLPE DE 1964","6367","1","Q107029211","//www.wikidata.org/wiki/Q107029211","","Golpe de 1964 no Rio de Janeiro"
"GOLPE DE 1964","6367","2","Q116431710","//www.wikidata.org/wiki/Q116431710","","Golpe de 1964 e a ditadura militar: passados presentes"
"ATENTADO DO RIOCENTRO","6368","0","Q16495052","//www.wikidata.org/wiki/Q16495052","attempted terrorist attack","Riocentro attack"
"O SEMANÁRIO","6371","0","Q10339776","//www.wikidata.org/wiki/Q10339776","","O Semanário"
"O Separatista","6374","0","Q110322830","//www.wikidata.org/wiki/Q110322830","","O Separatista"
"SINDICALISMO","6375","0","Q49780","//www.wikidata.org/wiki/Q49780","Part of the workers movement to protect and gain rights through collective organisation","trade unionism"
"SINDICALISMO","6375","1","Q100230913","//www.wikidata.org/wiki/Q100230913","primary form of labour movement in capitalist societies","trade unionism"
"SINDICALISMO","6375","2","Q188993","//www.wikidata.org/wiki/Q188993","branch of anarchism","anarcho-syndicalism"
"SINDICATO","6376","0","Q178790","//www.wikidata.org/wiki/Q178790","organization of workers with common goals","labor union"
"SINDICATO","6376","1","Q188993","//www.wikidata.org/wiki/Q188993","branch of anarchism","anarcho-syndicalism"
"SINDICATO","6376","2","Q20598885","//www.wikidata.org/wiki/Q20598885","","Sindicato"
"SISTEMA FINANCEIRO","6378","0","Q1416617","//www.wikidata.org/wiki/Q1416617","system that allows the transfer of money between savers (and investors) and borrowers","financial system"
"SISTEMA FINANCEIRO","6378","1","Q574833","//www.wikidata.org/wiki/Q574833","overview about the global financial system","global financial system"
"SISTEMA FINANCEIRO","6378","2","Q10372214","//www.wikidata.org/wiki/Q10372214","","Sistema financeiro do Brasil"
"SOCIEDADE POR AÇÕES","6379","0","Q134161","//www.wikidata.org/wiki/Q134161","business entity which is owned by shareholders","joint-stock company"
"O SOL","6380","0","Q590761","//www.wikidata.org/wiki/Q590761","trump card in the Tarot deck","The Sun"
"O SOL","6380","1","Q19556780","//www.wikidata.org/wiki/Q19556780","","O Sol"
"O SOL","6380","2","Q18278937","//www.wikidata.org/wiki/Q18278937","","O Sol"
"A TARDE","6382","0","Q12344592","//www.wikidata.org/wiki/Q12344592","newspaper in Brazil","Jornal A Tarde"
"A TARDE","6382","1","Q19525014","//www.wikidata.org/wiki/Q19525014","poem written by Gonçalves Dias","A Tarde"
"A TARDE","6382","2","Q19526476","//www.wikidata.org/wiki/Q19526476","poem written by Castro Alves","A tarde"
"O TEMPO","6384","0","Q1959539","//www.wikidata.org/wiki/Q1959539","magazine of Fyodor and  Mikhail Dostoyevsky (1861—1863)","Vremya"
"O TEMPO","6384","1","Q10339855","//www.wikidata.org/wiki/Q10339855","Brazilian newspaper","O Tempo"
"O TEMPO","6384","2","Q108449983","//www.wikidata.org/wiki/Q108449983","Portuguese weekly newspaper","Tempo"
"Tenentismo","6385","0","Q1420526","//www.wikidata.org/wiki/Q1420526","","Tenentism"
"O TICO-TICO","6386","0","Q10339878","//www.wikidata.org/wiki/Q10339878","first Brazilian comics magazine","O Tico-Tico"
"O TICO-TICO","6386","1","Q119855559","//www.wikidata.org/wiki/Q119855559","composition by Abílio Antônio da Fonseca","O tico-tico"
"TRIBUNA DA IMPRENSA","6390","0","Q10384592","//www.wikidata.org/wiki/Q10384592","Brazilian newspaper","Tribuna da Imprensa"
"TRIBUNA POPULAR","6392","0","Q11704725","//www.wikidata.org/wiki/Q11704725","newspaper","Tribuna Popular"
"TRIBUNA POPULAR","6392","1","Q97219019","//www.wikidata.org/wiki/Q97219019","","Tribuna Popular"
"TV CONTINENTAL","6393","0","Q10377084","//www.wikidata.org/wiki/Q10377084","","TV Continental"
"TV CULTURA","6394","0","Q936111","//www.wikidata.org/wiki/Q936111","brand used by the BBC; children's TV channel","CBeebies"
"TV CULTURA","6394","1","Q3069919","//www.wikidata.org/wiki/Q3069919","Brazilian public television network","TV Cultura"
"TV CULTURA","6394","2","Q10356581","//www.wikidata.org/wiki/Q10356581","television station in Santa Catarina, Brazil","NSC TV Chapecó"
"TV EXCELSIOR","6396","0","Q7305680","//www.wikidata.org/wiki/Q7305680","defunct Brazilian broadcast television network","Rede Excelsior"
"TV EXCELSIOR","6396","1","Q10377159","//www.wikidata.org/wiki/Q10377159","","TV Excelsior Rio"
"TV GAZETA","6397","0","Q7305682","//www.wikidata.org/wiki/Q7305682","Brazilian broadcast television network","TV Gazeta"
"TV GAZETA","6397","1","Q10377173","//www.wikidata.org/wiki/Q10377173","","TV Gazeta"
"TV GAZETA","6397","2","Q18275293","//www.wikidata.org/wiki/Q18275293","","TV Gazeta"
"TV RIO","6398","0","Q7672410","//www.wikidata.org/wiki/Q7672410","Brazilian television station of Rio de Janeiro, RJ","RecordTV Rio"
"TV RIO","6398","1","Q10377522","//www.wikidata.org/wiki/Q10377522","","TV Rio"
"TV RIO","6398","2","Q10377535","//www.wikidata.org/wiki/Q10377535","","TV Rio Sul"
"TV TUPI","6399","0","Q3075408","//www.wikidata.org/wiki/Q3075408","defunct Brazilian broadcast television network","Rede Tupi de Televisão"
"TV TUPI","6399","1","Q59851850","//www.wikidata.org/wiki/Q59851850","","TV Tupi Fund"
"TV TUPI","6399","2","Q10377633","//www.wikidata.org/wiki/Q10377633","television station in São Paulo","TV Tupi São Paulo"
"Última Hora","6400","0","Q8079385","//www.wikidata.org/wiki/Q8079385","Brazilian newspaper","Última Hora"
"Última Hora","6400","1","Q9099031","//www.wikidata.org/wiki/Q9099031","Spanish newspaper","Última Hora"
"Última Hora","6400","2","Q6175024","//www.wikidata.org/wiki/Q6175024","newspaper published in Paraguay","Última Hora"
"UNIÃO CÍVICA FEMININA","6402","0","Q111917509","//www.wikidata.org/wiki/Q111917509","","União Cívica Feminina"
"União Feminina do Brasil","6410","0","Q10388029","//www.wikidata.org/wiki/Q10388029","","União Feminina do Brasil"
"UNIÃO OPERÁRIA E CAMPONESA DO BRASIL","6413","0","Q18467906","//www.wikidata.org/wiki/Q18467906","","União Operária e Camponesa do Brasil"
"VANGUARDA ARMADA REVOLUCIONÁRIA-PALMARES (VAR-Palmares)","6423","0","Q7914862","//www.wikidata.org/wiki/Q7914862","Brazilian leftist guerrilla movement who fought against the civic-military dictatorship in the country.","Vanguarda Armada Revolucionária Palmares"
"VANGUARDA POPULAR REVOLUCIONÁRIA (VPR)","6424","0","Q5683942","//www.wikidata.org/wiki/Q5683942","","Vanguarda Popular Revolucionária"
"VEJA","6425","0","Q1886657","//www.wikidata.org/wiki/Q1886657","Brazilian weekly magazine","Veja"
"VEJA","6425","1","Q27718860","//www.wikidata.org/wiki/Q27718860","journal","Veja"
"VEJA","6425","2","Q107446558","//www.wikidata.org/wiki/Q107446558","family name","Veja"
"VISÃO","6426","0","Q1682108","//www.wikidata.org/wiki/Q1682108","something seen in a dream, trance, or religious ecstasy","vision"
"VISÃO","6426","1","Q2307071","//www.wikidata.org/wiki/Q2307071","fictional character in Marvel Comics","Vision"
"VISÃO","6426","2","Q1329910","//www.wikidata.org/wiki/Q1329910","result set of a stored query on a database","view"
"VOZ DA UNIDADE","6427","0","Q25420742","//www.wikidata.org/wiki/Q25420742","","Voz da Unidade"
"ACORDOS DE WASHINGTON","6429","0","Q1998604","//www.wikidata.org/wiki/Q1998604","1942 bilateral treaty","Brazil-United States Political-Military Agreement"
"ZERO HORA","6430","0","Q325798","//www.wikidata.org/wiki/Q325798","comic book","Zero Hour: Crisis in Time!"
"ZERO HORA","6430","1","Q3575279","//www.wikidata.org/wiki/Q3575279","Brazilian newspaper","Zero Hora"
"ZERO HORA","6430","2","Q10395039","//www.wikidata.org/wiki/Q10395039","Wikimedia disambiguation page","Zero Hora (desambiguação)"
"LIGAS CAMPONESAS","7794","0","Q3240685","//www.wikidata.org/wiki/Q3240685","","Peasant leagues"
"BANCO CENTRAL","8728","0","Q66344","//www.wikidata.org/wiki/Q66344","public institution that manages a state's currency, money supply, and interest rates","central bank"
"BANCO CENTRAL","8728","1","Q806186","//www.wikidata.org/wiki/Q806186","central bank of Brazil","Central Bank of Brazil"
"BANCO CENTRAL","8728","2","Q2882067","//www.wikidata.org/wiki/Q2882067","","Banco Central"
"CENTRO ACADÊMICO XI DE AGOSTO","8736","0","Q18483604","//www.wikidata.org/wiki/Q18483604","","Centro Acadêmico XI de Agosto"
"CENTRO DAS INDUSTRIAS DO ESTADO DE SAO PAULO","8737","0","Q9727429","//www.wikidata.org/wiki/Q9727429","","Centro das Indústrias do Estado de São Paulo"
"CENTRO DOM VITAL","8739","0","Q780222","//www.wikidata.org/wiki/Q780222","","Centro Dom Vital"
"CÍRCULOS OPERÁRIOS","8742","0","Q3594138","//www.wikidata.org/wiki/Q3594138","French association","Society of Catholic Worker Circles"
"CLUBE DE ENGENHARIA","8745","0","Q111046483","//www.wikidata.org/wiki/Q111046483","","Clube de Engenharia da Bahia"
"CLUBE DE ENGENHARIA","8745","1","Q18471434","//www.wikidata.org/wiki/Q18471434","","Clube de Engenharia do Rio de Janeiro"
"CLUBE DE ENGENHARIA","8745","2","Q117809018","//www.wikidata.org/wiki/Q117809018","Brazilian organization","Clube de Engenharia de Belém"
"CLUBE MILITAR","8746","0","Q9781086","//www.wikidata.org/wiki/Q9781086","","Clube Militar"
"CLUBE MILITAR","8746","1","Q28345618","//www.wikidata.org/wiki/Q28345618","building in Macau, China","Macau Military Club"
"CLUBE MILITAR","8746","2","Q90314862","//www.wikidata.org/wiki/Q90314862","building in Portugal","Clube Militar Naval"
"CLUBE NAVAL","8747","0","Q9781147","//www.wikidata.org/wiki/Q9781147","","Clube Naval"
"CLUBE NAVAL","8747","1","Q18244400","//www.wikidata.org/wiki/Q18244400","","Clube Naval"
"CLUBE NAVAL","8747","2","Q27654203","//www.wikidata.org/wiki/Q27654203","Portuguese rowing club","Clube Naval de Cascais"
"CONSELHO DO DESENVOLVIMENTO","8794","0","Q61893046","//www.wikidata.org/wiki/Q61893046","fund under the custody of the Brazilian National Archives","Conselho do Desenvolvimento"
"CORTE SUPREMA","8813","0","Q190752","//www.wikidata.org/wiki/Q190752","highest court in a jurisdiction","supreme court"
"CORTE SUPREMA","8813","1","Q196615","//www.wikidata.org/wiki/Q196615","highest court of Canada","Supreme Court of Canada"
"CORTE SUPREMA","8813","2","Q3242421","//www.wikidata.org/wiki/Q3242421","highest court of law of the Argentine Republic","Supreme Court of Argentina"
"FORÇA SINDICAL","8825","0","Q3076916","//www.wikidata.org/wiki/Q3076916","","Força Sindical"
"FORÇA SINDICAL","8825","1","Q17892036","//www.wikidata.org/wiki/Q17892036","Wikinews article","Força Sindical diz que deputado Roberto Jefferson corre risco de vida e pede para que polícia brasileira o proteja"
"FORÇA SINDICAL","8825","2","Q19771354","//www.wikidata.org/wiki/Q19771354","Wikinews article","Força Sindical: novas regras para benefícios deixam trabalhadores ""ao deus-dará"""
"FRENTE NEGRA BRASILEIRA","8829","0","Q5502804","//www.wikidata.org/wiki/Q5502804","political party in [[Brazil]]","Frente Negra Brasileira"
"INSTITUTO LIBERAL","8837","0","Q10302566","//www.wikidata.org/wiki/Q10302566","","Instituto Liberal"
"INSTITUTO LIBERAL","8837","1","Q107289095","//www.wikidata.org/wiki/Q107289095","book section published in 2020","Instituto Liberal e Instituto de Estudos Empresariais: mentores da nova direita neoliberal brasileira"
"JUSTIÇA DO TRABALHO","8846","0","Q3250652","//www.wikidata.org/wiki/Q3250652","judiciary body which rules on labor or employment-related matters","labor court"
"JUSTIÇA DO TRABALHO","8846","1","Q61820736","//www.wikidata.org/wiki/Q61820736","Brazilian courts of labor law","Brazilian Labor Judiciary"
"JUSTIÇA ELEITORAL","8847","0","Q13582409","//www.wikidata.org/wiki/Q13582409","Legal code in Brazil","Brazilian Election Justice"
"JUSTIÇA ELEITORAL","8847","1","Q17922039","//www.wikidata.org/wiki/Q17922039","Wikinews article","Justiça Eleitoral decide que ""voto nulo"" não invalida eleição no Brasil"
"JUSTIÇA ELEITORAL","8847","2","Q19771494","//www.wikidata.org/wiki/Q19771494","Wikinews article","Justiça Eleitoral substitui mais de 1,8 mil urnas eletrônicas em todo o país"
"ORGANIZAÇÕES NÃO GOVERNAMENTAIS","8863","0","Q79913","//www.wikidata.org/wiki/Q79913","organization independent of any government, usually created to aid those in need","non-governmental organization"
"SERVIÇO SOCIAL DO COMÉRCIO (Sesc)","8874","0","Q111923787","//www.wikidata.org/wiki/Q111923787","historic site in Belo Horizonte, Brazil","Serviço Social do Comércio (SESC)"
"SOCIEDADE BRASILEIRA DE DEFESA DA TRADIÇÃO, FAMILIA E PROPRIEDADE","8877","0","Q998264","//www.wikidata.org/wiki/Q998264","international movement of organizations of Traditionalist Catholic inspiration","Tradition, Family, Property"
"SOCIEDADE NACIONAL DE AGRICULTURA","8881","0","Q10372759","//www.wikidata.org/wiki/Q10372759","Brazil","Sociedade Nacional de Agricultura"
"TORTURA NUNCA MAIS","8892","0","Q7827362","//www.wikidata.org/wiki/Q7827362","Brazilian human rights organization","Torture Never Again"
"TRIBUNAL ESPECIAL","8895","0","Q61953006","//www.wikidata.org/wiki/Q61953006","fund under the custody of the Brazilian National Archives","Tribunal Especial"
"TRIBUNAL ESPECIAL","8895","1","Q568879","//www.wikidata.org/wiki/Q568879","judicial body","Special Court for Sierra Leone"
"TRIBUNAL ESPECIAL","8895","2","Q1109786","//www.wikidata.org/wiki/Q1109786","international tribunal for the Rafic Hariri assassination","Special Tribunal for Lebanon"
"AÇÃO NACIONAL","9007","0","Q339176","//www.wikidata.org/wiki/Q339176","political party in Spain","Basque Nationalist Action"
"BANDA DE MUSICA DA UDN","9008","0","Q16496548","//www.wikidata.org/wiki/Q16496548","","Banda de música da UDN"
"MÉTODO PAULO FREIRE","9015","0","Q10334705","//www.wikidata.org/wiki/Q10334705","literacy teaching method","Paulo Freire method"
